{
  "metrics": null,
  "test_metrics": {
    "dcg": [
      109.49265548999226,
      24.42235553831243
    ],
    "dcg@03": [
      19.136759919780474,
      8.88010329477541
    ],
    "dcg@05": [
      24.363125777482846,
      10.147203791290151
    ],
    "dcg@10": [
      32.20422608301278,
      12.22154495212191
    ],
    "dcg@20": [
      41.75221989170427,
      13.510393824340024
    ],
    "ndcg": [
      0.8447232834483756,
      0.056004432528558884
    ],
    "ndcg@03": [
      0.6557213890786683,
      0.27140821565228196
    ],
    "ndcg@05": [
      0.6315858923730413,
      0.21621938603010923
    ],
    "ndcg@10": [
      0.612143250171697,
      0.17297849732852202
    ],
    "ndcg@20": [
      0.6077406057992869,
      0.1406304700296325
    ],
    "precision@01": [
      0.717948717948718,
      0.44999817371241646
    ],
    "precision@03": [
      0.6552706552706553,
      0.320053485355752
    ],
    "precision@05": [
      0.5982905982905983,
      0.28101857041867334
    ],
    "precision@10": [
      0.4863247863247863,
      0.2312751655629089
    ],
    "precision@20": [
      0.3837606837606838,
      0.17696745799518074
    ],
    "recall@01": [
      0.03310246250526906,
      0.03079111674613742
    ],
    "recall@03": [
      0.08774901583986633,
      0.05904361746538066
    ],
    "recall@05": [
      0.1302841585256424,
      0.07482951706375479
    ],
    "recall@10": [
      0.20515804817818448,
      0.10380136251599528
    ],
    "recall@20": [
      0.3195325443700702,
      0.13985961111177098
    ],
    "relevant rank": [
      66.57555629359017,
      62.75663368695059
    ],
    "relevant rank per query": [
      1713.3247863247864,
      1021.5731360463728
    ]
  },
  "test_query_level_metrics": {
    "precision@05": [
      0.8,
      0.8,
      0.4,
      0.2,
      0.8,
      0.6,
      0.2,
      0.8,
      1.0,
      0.6,
      0.4,
      0.6,
      0.6,
      1.0,
      0.0,
      0.4,
      0.4,
      0.8,
      0.6,
      0.8,
      0.8,
      0.8,
      1.0,
      0.2,
      0.0,
      0.4,
      0.6,
      0.8,
      0.4,
      0.4,
      1.0,
      1.0,
      0.8,
      0.4,
      0.6,
      0.2,
      0.8,
      0.4,
      0.8,
      0.4,
      0.6,
      0.4,
      0.8,
      0.0,
      0.4,
      0.6,
      1.0,
      1.0,
      0.8,
      0.2,
      0.6,
      0.8,
      0.2,
      0.0,
      0.8,
      0.0,
      1.0,
      1.0,
      0.6,
      0.8,
      0.6,
      0.0,
      1.0,
      0.6,
      0.6,
      0.8,
      0.6,
      0.4,
      0.2,
      0.8,
      0.8,
      1.0,
      0.6,
      1.0,
      0.8,
      0.8,
      0.8,
      0.6,
      0.4,
      0.0,
      0.4,
      0.2,
      0.8,
      1.0,
      0.4,
      1.0,
      0.6,
      0.4,
      0.4,
      0.4,
      0.4,
      0.8,
      0.4,
      0.6,
      0.8,
      0.8,
      0.8,
      0.6,
      0.8,
      0.6,
      0.8,
      0.8,
      0.2,
      0.8,
      0.6,
      0.6,
      1.0,
      0.2,
      0.6,
      0.6,
      0.6,
      0.6,
      0.0,
      0.6,
      0.4,
      1.0,
      0.8
    ],
    "recall@05": [
      0.19047619047619047,
      0.17391304347826086,
      0.11764705882352941,
      0.1111111111111111,
      0.08695652173913043,
      0.16666666666666666,
      0.05555555555555555,
      0.0851063829787234,
      0.09433962264150944,
      0.23076923076923078,
      0.07407407407407407,
      0.21428571428571427,
      0.10344827586206896,
      0.16666666666666666,
      0.0,
      0.07142857142857142,
      0.09090909090909091,
      0.10810810810810811,
      0.11538461538461539,
      0.26666666666666666,
      0.10256410256410256,
      0.12121212121212122,
      0.09259259259259259,
      0.07692307692307693,
      0.0,
      0.05714285714285714,
      0.125,
      0.1111111111111111,
      0.05555555555555555,
      0.11764705882352941,
      0.17857142857142858,
      0.09433962264150944,
      0.08,
      0.058823529411764705,
      0.15789473684210525,
      0.02564102564102564,
      0.18181818181818182,
      0.25,
      0.10256410256410256,
      0.125,
      0.08333333333333333,
      0.06896551724137931,
      0.0975609756097561,
      0.0,
      0.11764705882352941,
      0.08333333333333333,
      0.10638297872340426,
      0.16129032258064516,
      0.14285714285714285,
      0.02857142857142857,
      0.07142857142857142,
      0.10256410256410256,
      0.05,
      0.0,
      0.14814814814814814,
      0.0,
      0.17857142857142858,
      0.2,
      0.06976744186046512,
      0.21052631578947367,
      0.15789473684210525,
      0.0,
      0.19230769230769232,
      0.09090909090909091,
      0.13636363636363635,
      0.16,
      0.17647058823529413,
      0.06896551724137931,
      0.03225806451612903,
      0.12121212121212122,
      0.10810810810810811,
      0.14705882352941177,
      0.2,
      0.11627906976744186,
      0.1,
      0.0975609756097561,
      0.14814814814814814,
      0.08571428571428572,
      0.05405405405405406,
      0.0,
      0.08695652173913043,
      0.03125,
      0.23529411764705882,
      0.25,
      0.09523809523809523,
      0.14285714285714285,
      0.25,
      0.2222222222222222,
      0.06060606060606061,
      0.18181818181818182,
      0.07142857142857142,
      0.14285714285714285,
      0.09090909090909091,
      0.2727272727272727,
      0.16666666666666666,
      0.14814814814814814,
      0.19047619047619047,
      0.1875,
      0.2,
      0.2,
      0.18181818181818182,
      0.10256410256410256,
      0.14285714285714285,
      0.3076923076923077,
      0.21428571428571427,
      0.3,
      0.14285714285714285,
      0.1,
      0.2,
      0.2,
      0.16666666666666666,
      0.125,
      0.0,
      0.21428571428571427,
      0.3333333333333333,
      0.38461538461538464,
      0.14814814814814814
    ],