{
  "metrics": null,
  "test_metrics": {
    "dcg": [
      90.13560792959358,
      20.224151111447302
    ],
    "dcg@03": [
      5.302745642368822,
      3.5999911674804608
    ],
    "dcg@05": [
      7.28742121157961,
      4.189229310290754
    ],
    "dcg@10": [
      11.379362485371237,
      5.587157270061742
    ],
    "dcg@20": [
      17.66170097585968,
      7.797474021255568
    ],
    "ndcg": [
      0.696471504610759,
      0.05666701142890014
    ],
    "ndcg@03": [
      0.19550967557875618,
      0.15582076663053382
    ],
    "ndcg@05": [
      0.20124262788794434,
      0.1332129233731817
    ],
    "ndcg@10": [
      0.22745416850200398,
      0.1240662055824318
    ],
    "ndcg@20": [
      0.2639585330093864,
      0.11775837768618709
    ],
    "precision@01": [
      0.1111111111111111,
      0.31426968052735443
    ],
    "precision@03": [
      0.1282051282051282,
      0.2083086770419477
    ],
    "precision@05": [
      0.12307692307692308,
      0.1608655091421346
    ],
    "precision@10": [
      0.1316239316239316,
      0.1453845902611313
    ],
    "precision@20": [
      0.1329059829059829,
      0.12594300589328336
    ],
    "recall@01": [
      0.005626756443749908,
      0.02028631559274039
    ],
    "recall@03": [
      0.01673912514987247,
      0.03808870571608364
    ],
    "recall@05": [
      0.024945312087131077,
      0.04221054034380351
    ],
    "recall@10": [
      0.052014737529660494,
      0.06335404264907844
    ],
    "recall@20": [
      0.10022498218175702,
      0.08411779735728922
    ],
    "relevant rank": [
      115.25240783792759,
      72.31546487206106
    ],
    "relevant rank per query": [
      2966.025641025641,
      1391.307160452771
    ]
  },
  "test_query_level_metrics": {
    "precision@05": [
      0.2,
      0.0,
      0.0,
      0.0,
      0.4,
      0.0,
      0.0,
      0.2,
      0.0,
      0.0,
      0.2,
      0.4,
      0.4,
      0.4,
      0.0,
      0.0,
      0.2,
      0.2,
      0.2,
      0.0,
      0.2,
      0.0,
      0.4,
      0.0,
      0.0,
      0.6,
      0.0,
      0.0,
      0.4,
      0.0,
      0.0,
      0.0,
      0.2,
      0.2,
      0.0,
      0.0,
      0.2,
      0.0,
      0.0,
      0.0,
      0.4,
      0.2,
      0.2,
      0.4,
      0.0,
      0.0,
      0.2,
      0.0,
      0.2,
      0.0,
      0.6,
      0.2,
      0.0,
      0.0,
      0.2,
      0.0,
      0.2,
      0.0,
      0.0,
      0.0,
      0.0,
      0.0,
      0.0,
      0.4,
      0.0,
      0.2,
      0.4,
      0.4,
      0.0,
      0.0,
      0.0,
      0.0,
      0.2,
      0.2,
      0.0,
      0.4,
      0.2,
      0.0,
      0.0,
      0.0,
      0.0,
      0.4,
      0.2,
      0.2,
      0.4,
      0.2,
      0.0,
      0.0,
      0.2,
      0.2,
      0.0,
      0.4,
      0.0,
      0.0,
      0.2,
      0.0,
      0.0,
      0.0,
      0.0,
      0.0,
      0.0,
      0.4,
      0.0,
      0.0,
      0.0,
      0.2,
      0.4,
      0.0,
      0.0,
      0.0,
      0.0,
      0.2,
      0.0,
      0.0,
      0.4,
      0.2,
      0.0
    ],
    "recall@05": [
      0.047619047619047616,
      0.0,
      0.0,
      0.0,
      0.043478260869565216,
      0.0,
      0.0,
      0.02127659574468085,
      0.0,
      0.0,
      0.037037037037037035,
      0.14285714285714285,
      0.06896551724137931,
      0.06666666666666667,
      0.0,
      0.0,
      0.045454545454545456,
      0.02702702702702703,
      0.038461538461538464,
      0.0,
      0.02564102564102564,
      0.0,
      0.037037037037037035,
      0.0,
      0.0,
      0.08571428571428572,
      0.0,
      0.0,
      0.05555555555555555,
      0.0,
      0.0,
      0.0,
      0.02,
      0.029411764705882353,
      0.0,
      0.0,
      0.045454545454545456,
      0.0,
      0.0,
      0.0,
      0.05555555555555555,
      0.034482758620689655,
      0.024390243902439025,
      0.08695652173913043,
      0.0,
      0.0,
      0.02127659574468085,
      0.0,
      0.03571428571428571,
      0.0,
      0.07142857142857142,
      0.02564102564102564,
      0.0,
      0.0,
      0.037037037037037035,
      0.0,
      0.03571428571428571,
      0.0,
      0.0,
      0.0,
      0.0,
      0.0,
      0.0,
      0.06060606060606061,
      0.0,
      0.04,
      0.11764705882352941,
      0.06896551724137931,
      0.0,
      0.0,
      0.0,
      0.0,
      0.06666666666666667,
      0.023255813953488372,
      0.0,
      0.04878048780487805,
      0.037037037037037035,
      0.0,
      0.0,
      0.0,
      0.0,
      0.0625,
      0.058823529411764705,
      0.05,
      0.09523809523809523,
      0.02857142857142857,
      0.0,
      0.0,
      0.030303030303030304,
      0.09090909090909091,
      0.0,
      0.07142857142857142,
      0.0,
      0.0,
      0.041666666666666664,
      0.0,
      0.0,
      0.0,
      0.0,
      0.0,
      0.0,
      0.05128205128205128,
      0.0,
      0.0,
      0.0,
      0.1,
      0.05714285714285714,
      0.0,
      0.0,
      0.0,
      0.0,
      0.041666666666666664,
      0.0,
      0.0,
      0.3333333333333333,
      0.07692307692307693,
      0.0
    ],