{
  "metrics": null,
  "test_metrics": {
    "dcg": [
      110.39485111225125,
      24.454396591956105
    ],
    "dcg@03": [
      20.067556699633972,
      8.254615696553865
    ],
    "dcg@05": [
      25.216169272107734,
      9.57285147907674
    ],
    "dcg@10": [
      33.4602303481574,
      12.00318266740441
    ],
    "dcg@20": [
      43.34781291026031,
      14.019726837947797
    ],
    "ndcg": [
      0.8517021240758749,
      0.05295572988507312
    ],
    "ndcg@03": [
      0.681714765098048,
      0.23560728319498755
    ],
    "ndcg@05": [
      0.6511812496443953,
      0.19142758696355686
    ],
    "ndcg@10": [
      0.6349759175876816,
      0.1609627050558509
    ],
    "ndcg@20": [
      0.6296331133086095,
      0.1409280048302955
    ],
    "precision@01": [
      0.7692307692307693,
      0.4213250442347431
    ],
    "precision@03": [
      0.7122507122507122,
      0.3139854488979157
    ],
    "precision@05": [
      0.634188034188034,
      0.26446604589146966
    ],
    "precision@10": [
      0.5188034188034188,
      0.23312504400462414
    ],
    "precision@20": [
      0.4098290598290598,
      0.18492771933311825
    ],
    "recall@01": [
      0.034526799267601806,
      0.027745168793352752
    ],
    "recall@03": [
      0.09643512580761598,
      0.05956908373722385
    ],
    "recall@05": [
      0.14039444081253183,
      0.0759517581687329
    ],
    "recall@10": [
      0.22025573211268204,
      0.1039947524877828
    ],
    "recall@20": [
      0.3387287267953998,
      0.14125663802873453
    ],
    "relevant rank": [
      65.41680504815676,
      63.01014428527415
    ],
    "relevant rank per query": [
      1683.5042735042734,
      1027.6671667117191
    ]
  },
  "test_query_level_metrics": {
    "precision@05": [
      0.8,
      0.8,
      0.8,
      0.2,
      0.8,
      0.6,
      0.0,
      1.0,
      0.8,
      0.6,
      0.8,
      0.4,
      0.6,
      1.0,
      0.2,
      0.4,
      0.6,
      0.8,
      0.6,
      1.0,
      0.8,
      1.0,
      1.0,
      0.0,
      0.2,
      0.4,
      0.4,
      1.0,
      0.8,
      0.8,
      0.6,
      0.8,
      1.0,
      0.8,
      0.4,
      0.4,
      0.8,
      0.4,
      0.6,
      0.4,
      0.8,
      0.6,
      0.6,
      0.0,
      0.4,
      0.6,
      0.8,
      1.0,
      1.0,
      0.2,
      0.6,
      0.8,
      0.4,
      0.0,
      0.6,
      0.4,
      1.0,
      0.8,
      1.0,
      0.8,
      0.8,
      0.2,
      1.0,
      0.4,
      0.6,
      0.6,
      0.6,
      0.8,
      0.4,
      0.8,
      0.8,
      1.0,
      0.4,
      1.0,
      0.6,
      0.8,
      1.0,
      0.6,
      0.8,
      0.2,
      0.6,
      0.0,
      1.0,
      0.8,
      0.4,
      1.0,
      0.6,
      0.4,
      0.4,
      0.4,
      0.4,
      0.6,
      0.4,
      0.6,
      1.0,
      0.8,
      0.8,
      0.6,
      0.6,
      0.6,
      0.8,
      0.6,
      0.2,
      0.8,
      0.6,
      0.8,
      1.0,
      0.4,
      0.6,
      0.8,
      0.6,
      0.4,
      0.6,
      0.6,
      0.4,
      1.0,
      0.8
    ],
    "recall@05": [
      0.19047619047619047,
      0.17391304347826086,
      0.23529411764705882,
      0.1111111111111111,
      0.08695652173913043,
      0.16666666666666666,
      0.0,
      0.10638297872340426,
      0.07547169811320754,
      0.23076923076923078,
      0.14814814814814814,
      0.14285714285714285,
      0.10344827586206896,
      0.16666666666666666,
      0.047619047619047616,
      0.07142857142857142,
      0.13636363636363635,
      0.10810810810810811,
      0.11538461538461539,
      0.3333333333333333,
      0.10256410256410256,
      0.15151515151515152,
      0.09259259259259259,
      0.0,
      0.125,
      0.05714285714285714,
      0.08333333333333333,
      0.1388888888888889,
      0.1111111111111111,
      0.23529411764705882,
      0.10714285714285714,
      0.07547169811320754,
      0.1,
      0.11764705882352941,
      0.10526315789473684,
      0.05128205128205128,
      0.18181818181818182,
      0.25,
      0.07692307692307693,
      0.125,
      0.1111111111111111,
      0.10344827586206896,
      0.07317073170731707,
      0.0,
      0.11764705882352941,
      0.08333333333333333,
      0.0851063829787234,
      0.16129032258064516,
      0.17857142857142858,
      0.02857142857142857,
      0.07142857142857142,
      0.10256410256410256,
      0.1,
      0.0,
      0.1111111111111111,
      0.13333333333333333,
      0.17857142857142858,
      0.16,
      0.11627906976744186,
      0.21052631578947367,
      0.21052631578947367,
      0.03225806451612903,
      0.19230769230769232,
      0.06060606060606061,
      0.13636363636363635,
      0.12,
      0.17647058823529413,
      0.13793103448275862,
      0.06451612903225806,
      0.12121212121212122,
      0.10810810810810811,
      0.14705882352941177,
      0.13333333333333333,
      0.11627906976744186,
      0.075,
      0.0975609756097561,
      0.18518518518518517,
      0.08571428571428572,
      0.10810810810810811,
      0.07142857142857142,
      0.13043478260869565,
      0.0,
      0.29411764705882354,
      0.2,
      0.09523809523809523,
      0.14285714285714285,
      0.25,
      0.2222222222222222,
      0.06060606060606061,
      0.18181818181818182,
      0.07142857142857142,
      0.10714285714285714,
      0.09090909090909091,
      0.2727272727272727,
      0.20833333333333334,
      0.14814814814814814,
      0.19047619047619047,
      0.1875,
      0.15,
      0.2,
      0.18181818181818182,
      0.07692307692307693,
      0.14285714285714285,
      0.3076923076923077,
      0.21428571428571427,
      0.4,
      0.14285714285714285,
      0.2,
      0.2,
      0.26666666666666666,
      0.16666666666666666,
      0.08333333333333333,
      0.21428571428571427,
      0.21428571428571427,
      0.3333333333333333,
      0.38461538461538464,
      0.14814814814814814
    ],