{
  "metrics": null,
  "test_metrics": {
    "dcg": [
      90.12256864905123,
      20.232405873715578
    ],
    "dcg@03": [
      5.307221873260153,
      3.5946554891322196
    ],
    "dcg@05": [
      7.274926085741653,
      4.181217908997089
    ],
    "dcg@10": [
      11.36656191583161,
      5.582849383323342
    ],
    "dcg@20": [
      17.64305719078519,
      7.788862649946056
    ],
    "ndcg": [
      0.6963491759972766,
      0.05662185272801686
    ],
    "ndcg@03": [
      0.1955932499277446,
      0.15550959961309915
    ],
    "ndcg@05": [
      0.20086196760264774,
      0.13293365887064215
    ],
    "ndcg@10": [
      0.22716631459351022,
      0.12391267791988848
    ],
    "ndcg@20": [
      0.26364792239855145,
      0.11751664418747651
    ],
    "precision@01": [
      0.10256410256410256,
      0.3033887068256214
    ],
    "precision@03": [
      0.13105413105413105,
      0.20881461198642387
    ],
    "precision@05": [
      0.12307692307692308,
      0.1608655091421346
    ],
    "precision@10": [
      0.1316239316239316,
      0.1453845902611313
    ],
    "precision@20": [
      0.1329059829059829,
      0.12594300589328336
    ],
    "recall@01": [
      0.005219756036749501,
      0.01991401927187066
    ],
    "recall@03": [
      0.01692492968350309,
      0.03805960848603098
    ],
    "recall@05": [
      0.024945312087131077,
      0.04221054034380351
    ],
    "recall@10": [
      0.052014737529660494,
      0.06335404264907844
    ],
    "recall@20": [
      0.10022498218175702,
      0.08411779735728922
    ],
    "relevant rank": [
      115.25207572235138,
      72.31641439494994
    ],
    "relevant rank per query": [
      2966.017094017094,
      1391.2577288496416
    ]
  },
  "test_query_level_metrics": {
    "precision@05": [
      0.2,
      0.0,
      0.0,
      0.0,
      0.4,
      0.0,
      0.0,
      0.2,
      0.0,
      0.0,
      0.2,
      0.4,
      0.4,
      0.4,
      0.0,
      0.0,
      0.2,
      0.2,
      0.2,
      0.0,
      0.2,
      0.0,
      0.4,
      0.0,
      0.0,
      0.6,
      0.0,
      0.0,
      0.4,
      0.0,
      0.0,
      0.0,
      0.2,
      0.2,
      0.0,
      0.0,
      0.2,
      0.0,
      0.0,
      0.0,
      0.4,
      0.2,
      0.2,
      0.4,
      0.0,
      0.0,
      0.2,
      0.0,
      0.2,
      0.0,
      0.6,
      0.2,
      0.0,
      0.0,
      0.2,
      0.0,
      0.2,
      0.0,
      0.0,
      0.0,
      0.0,
      0.0,
      0.0,
      0.4,
      0.0,
      0.2,
      0.4,
      0.4,
      0.0,
      0.0,
      0.0,
      0.0,
      0.2,
      0.2,
      0.0,
      0.4,
      0.2,
      0.0,
      0.0,
      0.0,
      0.0,
      0.4,
      0.2,
      0.2,
      0.4,
      0.2,
      0.0,
      0.0,
      0.2,
      0.2,
      0.0,
      0.4,
      0.0,
      0.0,
      0.2,
      0.0,
      0.0,
      0.0,
      0.0,
      0.0,
      0.0,
      0.4,
      0.0,
      0.0,
      0.0,
      0.2,
      0.4,
      0.0,
      0.0,
      0.0,
      0.0,
      0.2,
      0.0,
      0.0,
      0.4,
      0.2,
      0.0
    ],
    "recall@05": [
      0.047619047619047616,
      0.0,
      0.0,
      0.0,
      0.043478260869565216,
      0.0,
      0.0,
      0.02127659574468085,
      0.0,
      0.0,
      0.037037037037037035,
      0.14285714285714285,
      0.06896551724137931,
      0.06666666666666667,
      0.0,
      0.0,
      0.045454545454545456,
      0.02702702702702703,
      0.038461538461538464,
      0.0,
      0.02564102564102564,
      0.0,
      0.037037037037037035,
      0.0,
      0.0,
      0.08571428571428572,
      0.0,
      0.0,
      0.05555555555555555,
      0.0,
      0.0,
      0.0,
      0.02,
      0.029411764705882353,
      0.0,
      0.0,
      0.045454545454545456,
      0.0,
      0.0,
      0.0,
      0.05555555555555555,
      0.034482758620689655,
      0.024390243902439025,
      0.08695652173913043,
      0.0,
      0.0,
      0.02127659574468085,
      0.0,
      0.03571428571428571,
      0.0,
      0.07142857142857142,
      0.02564102564102564,
      0.0,
      0.0,
      0.037037037037037035,
      0.0,
      0.03571428571428571,
      0.0,
      0.0,
      0.0,
      0.0,
      0.0,
      0.0,
      0.06060606060606061,
      0.0,
      0.04,
      0.11764705882352941,
      0.06896551724137931,
      0.0,
      0.0,
      0.0,
      0.0,
      0.06666666666666667,
      0.023255813953488372,
      0.0,
      0.04878048780487805,
      0.037037037037037035,
      0.0,
      0.0,
      0.0,
      0.0,
      0.0625,
      0.058823529411764705,
      0.05,
      0.09523809523809523,
      0.02857142857142857,
      0.0,
      0.0,
      0.030303030303030304,
      0.09090909090909091,
      0.0,
      0.07142857142857142,
      0.0,
      0.0,
      0.041666666666666664,
      0.0,
      0.0,
      0.0,
      0.0,
      0.0,
      0.0,
      0.05128205128205128,
      0.0,
      0.0,
      0.0,
      0.1,
      0.05714285714285714,
      0.0,
      0.0,
      0.0,
      0.0,
      0.041666666666666664,
      0.0,
      0.0,
      0.3333333333333333,
      0.07692307692307693,
      0.0
    ],